1,,,srprrrprpprsrssrrpppsrrrrrsssrrpsrrprprprrrsrpspsrrrprrssspppprprrpsprrpprsprppsprrpprrrprssrprpssspprspsrrrsssrsspsrpprsppsprsprrrrsrpsrprprprppspsssprsrpprrprpssrprsrrpssrsspsrprsssrspssrsprssrrrpprrssrrprpppsrprspprprspppsrppsrrsppspssss
2,,,prprssrprspsprrprspsrprspsrppsrpsrpsrpsprsrpprssrprpprspsrsrpsrprspsrpprsprspsrpsrpsrpsrprspsrprsprspsrpsrprspsrpsprprspsrprspsrprsprsprsprsprsprsprsprspsrprppsrpsrpsrpsprpsrprprprprsprpsrpsrpsrpsrpsrppsrsprrsppsrpsrpsrpsrpsrprspsrpsrsrppsr
3,,,srssppprprsspprsppprrprssrsrssrprsspprprssprsrrsrsrsrrsrrpssrrrppsrsrprrrspsrprspprspsssprpssrrprspsrrpssrrpppspsprpssrprrprrrsspprsrssrrsprpsrrrsrrpsprppspprssrrpsrspsspspprppsprrspsrprrprsrrpppsrrspspsprpsprrrsrsppsppsrprspspprppspppsrppr
4,,,sprpsprspprpsrprsprpsrpsprrpprprprprpprprprprprpprprprprprprpprpsprprppspspspspspsppspspspspspsppspspspspspspprprprprprprprpprprprprprprprpprprprprprpprprprprprprpprprprprprprpprprprprprprprpprprprprprpprprprprprprpprprprprprprpprprprprprpr
5,,,prprprprprprprprprprprprprprprprprprprprprprprprpspspspspspspspspspspspprprprprprpprprprprpprprprprprprprpprprspspspsprprprpspspspsprprprprpspspspsprprpprprpspspspsppsrprpprprsppspsprprprprpprsppspspsprprprpprspspspssprprprpprprspsppspsprpr
6,,,psppspssrrpsrpppsrsprsrppssspprpsrpsspssrspprrsrrrrrppsprpspssprppprsssprssrrsspprspprpsrrppsrprrrsprpsrsspsrrsppssrrrprspsrppspprsssrprsspsrssrssrprrssprrrrpsrprssppsrpsrsprsrsrsspssrssrprpspsspprsrpprpsppssrrpssprprsprsppsrspsppsspprppppr
7,,,rprsrrssrrsppprppprrsrprpssspspprssrrrrpprrppprprpsppsssrrsprsspsprprrspspsrrspsrsrrpssppssrprpssppsrrrrprsrsprrrrrssrrrrrppspppsrsppprppsrprssprspspspprsrsppsrpspprrssrsrsrrrsrrssrrrsrsssrssrppprrrrssrpspprrrssrpsrsprsspsprprpprssssrsspprs
8,,,psrssspspppspsppsrrrprprsrssprssspsssrrrrpsprsssssrppsrprsprrrrsssrsrprsprspspssrspsssrpspssprsprrpsspssprpsrsssrppppprsppssssrrprprspprspsssppppprsspprppsrprrspsrppsrpsprrprpssrsppssrspsrrsrssssssrrpprrrrpsssspppprspsrpsrsrpppprsrrrssrrprp
9,,,sprpsprpsprsprpsprsprpsrpsprpsrpsprpsprpsrpsprpsrpsprpsprsprpsprpsprsprpsprpsprpsprprsprpsprpsrpsprpsrpsprpsrpsprpsprsprpspsprpsprsprpsprsprpsprpsrpsprpsprsprpsprpsrpsppsprpsprpsprpsrpsprpsrpsprpsprpsrpsprpsprpsprpsprsprpsprsprpsprpsprsprps
10,,,rrspsrrsrpsrrsspsrrrpprsrrprsppsssssprsprrrrpprsssrppsrrpprppprrrppspsrrsrspprrrssrsrrssrsppssrpprssppsppprrrssprprrrsppprpspppspsssrsspppprrsrsssssssprspsrrssrrsrpssppssprrrpprrrrsrrrsssppsrpsprrrpprpsppspsrpppsrsrprpppppprsrsrrrprpsssrsss
11,,,rrppsprpsprpsrpsprpsprpsprpsprpsprpsprpsrpsprpsprsprpspsprpssrpsprpsrpsprpsrpsprpsprpsprpsprpsprprprpsprpprpsprpsrpsprpsprpsrppsrpprpsprpsprpsprsppspsprpsprpsprspprpsprpsrpprpsprspsprppsprpspsrpsrprspspsprpspspspsprpspspprppprpsrpsprprpsprp
12,,,rspsrpsrpsrprsppsrprpsrpsprpspsrprspsrpsrpsrpsrpprsprspsrprpsrprpsprpsrpsprprrsprpsprsprpsrpsprsprpsrpsprpsrprsprsprsppsrpsrpsrpsrpsrpsrpsrpsrppsrprsspprpsrpsrpsrpsrpsrpsrpsrprsppsrpsrpsrpsrpsprpsrprsprspsrpsrpsrprspsrpsrpsrpsrppsrprspsrpsr
13,,,prsprpsrpsrpsprsprpsrpsprsprpsrpsprsprsprpsrpsprpsrpsrpsprpsrpsprsprsprpsprsprpsrpsrpsprsprpsrpsrpsrpsprsprpsrpsprsprpsrpsprspspspspspspsrpprprprsprsprsprpsrpsprsprpsrpsprpsrpsrprsprprsprpspsrpsrpsprpsprpsrpsrpsprpsrprsppsrpsrpsprsprpsrpspr
14,,,psppppprpprprpspsprsrrpppspspspspspspsppppprpprprpspsprsrrpppspspspspspspsppppprpprprpspsprsrrpppspspspspspspsppppprpprprpspsprsrrpppspspspspspspsppppprpprprpspsprsrrpppspspspspspspsppppprpprprpspsprsrrpppspspspspspspsppppprpprprpspsprsrrpp
15,,,rpsrpsprsprpsrpsprpsrpsprsprpsrpsprsprpsprsprpsprsprpsprpsrpsprsprpsprsprsrpsprsprpsprpsprsprpprpsrpsprsprpsrpsprsprpsrpsprpsrpsrpsprpsrpsprsprpsrpsprsprpsrpsrpsprpsrpsprsprpsrpsprpsrpsrpsprsppsrpsrpsrpsprsprppsrpsrpsprsrppsrprspsrpsrpsprps
16,,,prrpsrsrrrrssrpsspppsrrrsprpsrprsssssrprsssrrsppspprrssrrsppsprrsprrppprrprrprrsspspprpppprssrppsrppprpprpspprpprprrpprrsprrrrrrsspssppssprrrpssrsrssrsrsspssrsrrpspsrsrsrrsssssrsrpsrrrrsrpsprrssrsrsppsspprsrpsrpprrrpprssprpssrrspsppprssrrrs
17,,,psrprspsrpsrpsrpsrpsrpsrpsrpsrpsrpsrpsrpsrpsrpsrpsrpsrprspsrprsprspsrpsrpsrprsprsprsprsprsprsprspsrprsprsprspsrprsprspsrprspsrprspsrprsprsprsprsprspsprsprsprsprsprspsrprsprsprsprsprsprspsrprsprspsrpsrprsprsprsprsprsprspsrprsprsprsprsprsprsp
18,,,srprsprpsprpsrprspsrpspprsrsrsrsrsrsrssprprprprprprprprprpprrpprprrpsrpsprsprpsrpsrprsprpsprpsrprspsrpspprsrsrsrsrsrsrssprprprprprprprprprpprrpprprrpsrpsprsprpsrpsrprsprpsprpsrprspsrpspprsrsrsrsrsrsrssprprprprprprprprprpprrpprprrpsrpsprsprp
19,,,srprpspspsppsrsprspprssrprspprprsrsprsprsrspprsrspsrprsrsprrpsrprsrspsrprsrpsrsprsprssrprsprsrsprsprspsrpspsrpspprsrsprsprsrsprsprsprsrsprsprssrprsprsrsprprsrspspsrprsrsprsprssrpprsrspprsprsrsprspsrprsprsprsrsprsprspsrpsrpsrrpsrsprsprsprspp
20,,,rpsrprppsrpspspprpsrpsprpsprsprpsprpsprpsprpsrpsprpspsprpsprsprprsprpsrprpsprpspprsprpsrprpsprpsrprspsrppsrpsrprppsrprspspsprpsrpsrpsrpsrpsprsrprpsrprpsrprpsprpsrpsrpsrppsrpsrpsrpsrpsprpsrpsrpsrpsrpsrpsrpspsrpsrpsrppsrpsrpsrpsrpsprpsrpsrpsr
21,,,prpsrsrprsrrprpsrrpsprpsprrpsprpsprpspsprpspprpspsprprrsrsrsrsrrsrsrrrprprprprprprprprprpsrsrsrsrsrsrrsrsrsrsrsrprprprprprprprprprprprpprprprsrsrsrsrsrsrsrsrrsrsrsrsrsrrsrprprprprprprpprprprprpprsrsrsrsrsrsrrsrrprprprprprsrsrsrsrsrrsrsrprpr
22,,,sspspsrsspppsprrspsrrsrrsppsppprpprrrrprppppprspsppsprrprssrrsssrprrpprrprsssspspsrrppsssrrsprrsprprpppprssprprprprrrssrrrpppsppsrrrssprspsssppsprppspsrprpsprspspsrrrsppprpssrsprsrssrppspppsrrsrprrsrrsrpssrpsppprrrssprsrsspprpssssprsppppprs
23,,,rrssrrsrppsrpssssrpsssrsrpsrrprsrpsrrppssssspprrrsppspsrssrsssrsppppsrpsrprssprssssrrsssspprrsspsrsprsrppppprsrpsssrprpprppprsssrrspprprrsspsssrssrssrrsppppspssppsssspspppprprsppprppsprpppsspsrppsrsrsrprrsprspsrsrrpsrpspppsssrpspprrrrrsrprp
24,,,ssrppsprrrrrsssrsppprrsssrppsrpprrsrsrrrrpsrrsppsprsrsrpssprppssssprpprrsrrsrprpssprssppsrprrssrrssspssrprpprssprprrrssssppspsssprssrrrsprrsrrprprsspspspsssrsrprssrprprpsrppprsrrrppsprprpsssrrrrsrrrrpprpsppppsppspsrsrrrspppsspprsssrpssprpsr
25,,,rssspsprpppsprsprrsrrrsssppsrrrrrssrpsrspprspsspsprprsrspprrpssrrrrrprrspsprrsrrrprsrsrppppssprrrppsrrprsprsrrpppprsrpspssprprppprrrrprrsppprrspprrpprspspspsrrsssrssssrsrssssprrrssrsrprpprrrrrrprrprppspsrrsppppprsssrppprrspsrrsrsrpsspppspps
26,,,prssprpsspsrrrrsrsprssrrrsppprrrrrspppspppsrssrrsrprpssspprsrppsrrprrpprprrssrsprssrrrssrrprsrpssssrrrprrrsprsrprrsppprpppsrpspsppspprssrppsrrrrspprsrprrsprrrsrsprrsrppsspssppspprrrpsrsprssprrrprrrpsprsprrsrrsprrpsssrrpsrpspspsprpprsssrrsps
27,,,pspssppsprssppspprrrppsrsspsprrsppsssssrspsspsrpppprsrrrssrsprspsppssssrpppsprrrrssrprprrpsrpprrprsrsrrrrspsrpsrrssprpprppssrpsrrpprppspppprsrsrpssssppspsrsrpppsrsssrspprppssrrprsrsppspspprrrsssrrpppsssprrpsspsrrrsrrrpspprprsrspppprsppsrrss
28,,,rrrprsrpssrssssrpssppsrrsrsppppprrsspsrsssssrspsprrrrrrsrpprrsssrsrprssssrsrsssppsrsrprrssrprrpspssprppprrssrrrprppsrsrpprsrrrsrppsspspprpssrprsspppssrppppppprssrssprrrpssprrrrsrrprssspsrprpsrsrssrssspprrspprprpprpssprsrppspsrpppssprssprpsr
29,,,rpsrppppppppppppsrsrsrrrrsrrrrrrrrrspppppprsprpsprsprpsrpsprrsrrrrrrrrppppppsrsrpspsrpspspsspspsprpsrrrsprrprpsprpsrpsrpsrprspsrprrrrrrrrppppppppppssssssssssrpsrpsprpsrpsprsprspsrrsrssrsrsrsrpspprprprprpsprprpppprsprprprrrrsrsssrsrpsrprpsrr
30,,,rprsrrpsprrrrsrspssrsrrpprpsprsrrrrrsssrspsprsppsrspsrrrpspsrpsrrsrpppsssrprrsprsppssrrprprrsrsspsrpspsrrsrsssrrpsssprprsspsrpspprrrsppsrsrpppsrrsrrspspspppppsrrsprprsprpprrrrprrpsssrrssrrsprspsrsrppppssrrssprppssrssrpspprrspssrrsprprrssprs
31,,,rpsrppsprpsprprpprpprpspsprpprpsprpspprsprprprpsprpsrpsprprprprpprprpsppsprppsrprpsrpsprpsprprpspprsprpprpsprpsrpsprpspsrprpsrpprpsrpprpprprpprprpprppsrpprsppsprpsprpsprprspprsprpprprpspsppspspspspspsrpsprprprpsprrprppsprppsprpsrppsprpsprpr
32,,,sprsprsprspsrprsprsppsrprsprprsprspsrprsprpsrpsrpprsprspsrprsprsprsprspsrpprspsrpsrpsrprspsrprsprsprspsrprspprsprpsrpsrpsrpprspsrpsrprspsrpprsprsprspsrprspsrprsprsprsprsprspsprprsprsprspsrpsrprsprsprsprsprspsrprsprsprsprsprsprsprsprsprsprps
33,,,pppppprpsprpsprsprpsprsrpsrppsrpsprpspsssrrrrrppsrpsprpsrpsrsppsrpsprpsrpsprpsrprprpsrppsrpsprpsrpsprpsprpsrpsprpsprpsrppsrpsprpsprsrpsrpsprpsrpsprpsprpsrpsrpsprsppsrpsprpsprpsprpsrpsrpsprpsrpsrppsrspsprpsrpsprpsprpsprpsprpsprpsprpsprpsprps
34,,,sprsrpsprsprpsprrpsprpsprsrpsprsprsprsprpsprsprspsprpssprpspsprsprpsrsprsprpsprsprsprspsprsprpspsprspsprsprpsprsprspprsprsprspprspsprspspprsprsprpsrsppsrpsprspsprpsrsprsprpsrpsprsrpsrpsrppsrprprpprprrprsprsprspprsprpspsprsprsprpsprsprsprpsp
35,,,prpspprpspsprpsrpsprsprsprpsrpsrpsrpsrpsrpsrpsprsprpsrpsrpsprsprsprpsrppsrpsrsprpsprsprpsrppprpsprsprpsprpsrpspspsrpprpsrsprpsrpsrssrrrsrsrsrsrrrrrpsrpspspspsppspspspsppprpspprpspsprpsrpsprsprsprpsrpsrpsrpsrpsrpsrpsprsprpsrpsrpsprsprsprpsrp
36,,,prprpspsrpsrpsprpsrprspsrpsprpsrpsprsprpsrpsrpsrpsprpsrpsrpsprpsrpsrpsprpsrpsprpsrpsprpsrpsprsrpsprpsrpsprpsrpsprpsprsppsrpsprpsrpsprpsprpsrpsprpsrpsprpsprsprpsprpsrpsprpsrpsprpsprpsrpsprpsrpsrppsrpsrpsprpsrpsprpsprpsprpsrpsprpspsrpsrpsprps
37,,,prsppsrpspprsprpprsrppsprprpsprspprpsprpsprpsprprpsprpsprrppsprpsrpspprsprprpsrprpsprpsprpsrpsrprprpsrsprpsprppsrppsrpsrprpsprpsrprppsprppsprpsrppsrpsrpsprpsppsrpsrpprpspprpsprpsrprspsprpsprpsrpprsppsrpsrppsrpsrpsrpsrpprsprpspssrpsrprsprrpr
38,,,psprpsrpsrpprsprpsprpsrpsprprsprpsrprsppsrprspsrpsrpsrpsrpsrpsrpsrpsprspsrpsrpsrpsrprspsrpsrprspsrprspsrpsrppsrpsrpsrprpsrpsprpsrpsrpsrpsrpsrprspsrppsrpsrprpsrpsrpsrpsrpsrpsrpsrprspsrprsppsrprspsrpsrpsrppsrpsrpsrpsrpsrpsrpsrpsrpsprpsrpsrprs
39,,,sspsprspsrpprprssprrspppsrrpssrprpsrspsssrppsspsrssprsprsprrssrprspssprppsrrsppsssrspppssppprsrssrspprsrsprrpspssrprrrrrrsspsrsprsrprprrpsrpsrrsrsprprspssppprprrprprspsrppsprrprppsprrsrrppprsrrsrppprrspsrsrpsspprsrpspprrrrpsrssprpssssppsprp
40,,,psspprrspsrpsssssrsssrsrsrsprpsppppppprpssrpsssspssssssprspssssprsprrsspprpssrrrssssppsrsrpprrpsrrrsrrsppppppsrsrprsrsrpprpspspppssssrrprrprspppssssprsspppsssrrrrpsssrrsprrrrsrsssprsprrspssssrprspsprpssrspppsrpspssrrspprprsssppsrspssrpsrppr
41,,,rpppsrpssrrrprpssrssrrssrpssrpsssrppppsrpsrsspsprrrpssrsprppsspppprrsspsrrppsppsrsrpprpssrsssspsrpspsrpsprpsrprrssssprsrrppsssrprsprssrppppspppprsssrrrpsrsrpsrsssrrprpsrpssrrpsssrsprspsrssrprsrspspsrpspsrrpssrsrrrrrsrppsssrssspppspsssrsprrs
42,,,rpsrsrspspspsrsspsprrrpsrrrssspprpspsspspssrrpssppssrsrpsrrprsrrpsrprrpspssrrrpssssspsprrspssrrrssrprrrpssrrprrprrpprspspsrsrprsrpsssrrspprsrrpsrprrssssrspsprssssrppssprssprrprrsrrsspsrsspsrsrsrrsrrpspsspsspssrpprpspsrprprsprsssprrsrprrrsps
43,,,prrsrrssprpprrrrsprrrrprpsrrsrrsrrssppprprspprssrrsssrprrsprspsrprprspsrrpppssspsprrprppprrppsprrrrrsprssprppsspsrrrsssrrprrsrrsrpsprpsrprpprsrrrsrpsrssppprpsrrprrssssprrpssppsprrprsppspprsppprsrrrrrprsppsprpspppppprpsprprrprprrrsrpsrrrrssp
44,,,prssprprprprpsrpsrpprsprprsprprprspsrprprpsrprprprsprsprprprsprsprpprsprprsprsrprpprprsprprrprsprpsrprsprspsrprsprsprsprprpsrprpsrprspsprprsprsprprssrpprspsrprsprsprsprprsprprsprspsprspsrprsprprsprspsrpsrprprspsrprsprsprsppsrpprspsrprpprspr
45,,,rspsprpprsssrprsssrssrppsprrsrppprsppppsssrsrspsrssrssrsppsrsrrrsspsrssssprrrrprspprrssrsrppsrpppppppsrpsspprpsspprssrpsprsrpprrpssrpsrprrsprpprsprpssrpspsrpppppprrsrsprrspsrrppssprpsrprpsssrprppprppppprppprssrpprppssrrrrrsrspspprrprrprrprr
46,,,rprsrssprsrsspsrrssssrrprrsssrspspsprssprsrrssprprprsssrrrsprsrpsrsssppprpprspsrspsrsprsspprrrrpprpprsrprsrrrrprpssspprprsprrrpppppsrpsppsrrrrsrrrprsprspspprprrspspssrsrssssrrpsppssrpprssrrprprpsrrrsssprsrssrrrsppspsspsrrrsrrssrrprrspspssrs
47,,,pppssrprpsssspppppppspprpprprpprsprrsrrrsprrprpppprprpprssssssrppprpsrprrrrrpsprrsspssppsrrrssprsrssprprrrsprpsppspsrpsssrprsprprsrsrsrpspspsprppsrpsrprsrpspprprrssprspspsppsspsssspprrrpsrspppppsssrsrpprpprpsrpssrprssrpsrrprssssprsrrpsrprps
48,,,sspssssrrprprrspsrpsspprssspsprsrprrsrrpprppsprsspsprpprssprrpprrrprrrpprssrsrrspssppprrsssrrpspsrrrrssrpspprpssssrpppssprrrrpsprrrspsrprsrprrppprpspspspprsrrssrsppsprspssrrpssrppsrspprrpsppppssrsspprrrrrpppprsspspprpsrppsspsrsprrpppsppsspr
49,,,sssssppprrpssrrpprsrpsssssppprrpssrrpprsrpsssssppprrpssrrpprsrpsssssppprrpssrrpprsrpsssssppprrpssrrpprsrpsssssppprrpssrrpprsrpsssssppprrpssrrpprsrpsssssppprrpssrrpprsrpsssssppprrpssrrpprsrpsssssppprrpssrrpprsrpsssssppprrpssrrpprsrpssssspppr
50,,,prppsrppspsrssrpssppssrppprpsrprsrpsspprsrpprssrrprsrrpssprssprppsprrrsrsssprrprprrssprrrrrprsprpprprrrpsspppppspprrsssspppspppssspprsrsrppspsrpppsrsspsrsrsrsrppprrprrpssspsrsssrpprrpsrpprrpsrrsprsrprpsspssprssssprrrpsrssssrpsprrrppprpprrsr
51,,,rsprspsprsprsprspsrpsrpsrpsrpsrpsrpsrpsprpsrpsprsprpsrpsprpsrpsrpsrpprsprpppsprrpsprpsprsprpsprsprpsrpsprpsprsprpsprpsprpsprpsrpsprprppprsprpsprpsprpsrpsprprsprpsprsprpspprpsprpsprpsprppsprpsprpsprsprsprpspprpsprsprpsprprppspsrprprspsprpspp
52,,,psprpsprsprpsprpsprsprpsrpsrpsrpsrpsrpsrpsrpsrpsrsprpsrpsrpsprspsppssssprpsrpsprpsrpsprsprsprpsprsprpsrpsrpsrpspssprpsrpsprsrpsrpsprspsspsrpsprsprspsprprrpsprpsrpsprsprpsrpsprprsrpsrpsrpsrpsrsprpsprsprpsrpsprprprspprpsprsprsprpsrpsrprpsrspr
53,,,spsprpprspsrpsrprppsprpprprprprprprprpprsppppsrpsrpsprpsrpsrpsrpsrpspsprpprpsrpsrpprprprprpprprprpprpsprpsrprpprprprprpprprpprprprprpprprprppsrppspspsprpspsppppspspspspsppppsprspsrprspsrpsrpsrpsrpsrpsrprpprsprpsrpsrpsrpsrpsrprpsrprpprprprps
54,,,prsprpsrpsrpsrpsrpsprsprsprpsrpsrpsprpsrpsrpsrpsrpsrpsprspsprsprsprsprpsrpsprsprpsrpsprsprpsrpsprsprsprsprpsprsprsprpsrpsrpsrpsprsprsprpsrpsprsprpsrpsprsprpsrpsprsprsprpsrpsrpsprpsrpsprspspsrpspsprsprpsprpsprsprsprpsrpsrpsprsprpsrpspsprsprp
55,,,psppspsrpsrrsrsrsrrsrsrsrsrsrsrsrsrsppsprpsprsprpspsprpsprpsprpsprpsrppsprpsprpsprpsprpsprpsprpsprpsprpsprpsprpsprpsprpsprpsprpsprpsprpsprpsprpsprpsprpsrpsprpsprpsprpsprppsprpsprpsprpsprpsprpsprsprpspsprrrsrsppsppsrppsprpprsprpsprpsrpprpspr
56,,,rpsprpsprpsrpsprpsprsprpsprsprpsprpsrpsprpsrpsprpsprsprsprpsrpsprpsprspsrpprsprpsprpsrpsprpsrpsprpsprsprppsprsprpsrppsrpsprpsprpsrpsrprpsprpsrppsrpsprpsprpsprpsrpsprpsrpsprpsprpsrppsprpsrpsprrppsrpsprpsrprpsprprpsprpsrpsrpsprpsprpsrpsprpspr
57,,,prpsrsprpsrsprpsrsprpsrsprpsrsprpsrsprpsrsprpsrsprpsrsprpsrsprpsrsprpsrsprpsrsprpsrsprpsrsprpsrsprpsrsprpsrsprpsrsprpsrsprpsrsprpsrsprpsrsprpsrsprpsrsprpsrsprpsrsprpsrsprpsrsprpsrsprpsrsprpsrsprpsrsprpsrsprpsrsprpsrsprpsrsprpsrsprpsrsprpsrs
58,,,psrrssrrprrsprrspppppppsrpsrprsrsrssrrpppsppsssrrrpsrprrprsssprssrprrpsrrssrprsrssssrsrppsssrrsssprrsprprrrsrrpsspsssprssrrrsrrspsrrpsrsrsspsppprrsrrpspsrrprpsrpsssrrrrpsrrrrsprrprpssrsrrrssppprpsprrrrspsrppprrrrssppprsspsssrpsppsprrrspsspp
59,,,sprsprsprsprpprsprprpsrpsprsprpsrpsprpsprsprpsrpsprsprpsprsprsprpsrpsprspsrppsrpsrpsprsprpsprsprpsprsprpsprpsprpsrpsprpsprsprpsrprpprsprprsprsprprspprprprpspspspprprpsprsprpsprpsprsprpsprpsrpsprpsprsprpspsrprpsrpprpsprspsrpsrpsrpsprppsrprsp
60,,,rrrsrppsppsprpsrpsprssprsrssrrrrspsrrpprprsrsprrssssrpsrpssrppsrrrpprpspprrpppssrrppppsprspsspppsprspppsrprssssspssrsssprrrrprsrsprppppssspsprrprrrssprpprrprpssrsspsssspspsppsrrprrssssrpsspssprsrspsspssrprrppsrrsrsrprsprrppssrrpprrsrrrspssr
61,,,rpsprpsprpsrpsprsppsprsprprpsprsprpsprsprpsprsprpsprsprsprpsprsprpsprspprsprpspspsprpspsprsrpsprpsrpprsprprspsprpspsprpspsppsrpsrpsprsprpsrpspspsprpsprsprsprpsrpsprsprpsprprprprsprpsrprprpsprsprpsrpsprpsprsprpsprsprprsprpsrpsprpsprsprpsprpr
62,,,rpsprpspsprspspsprpsssrpsprppspspsprpspspppsprsssppprpppspsprrspspspspsrppprrrrpssspsspspsrrrpspspsrprpsrpsrsprprprppssprpspsprpsprpspsprspspsprpsssrpsprppspspsprpspspppsprsssppprpppspsprrspspspspsrppprrrrpssspsspspsrrrpspspsrprpsrpsrsprprp
63,,,rpsrpsprsprpsrpsprsprsprpsrpsprsprpsrpsrpsprpsrpsprsprpsrpsprsprsprsprsprpsrpsprsprpsrpsrpsprpsrpsprsprpsprrpsprpsrpsrpsprpsrpsprsprpsprsprpsrpsrpsprpspsrpsrpsprsprpsrpsprpsrpsprsprpsrpsprsprpsprsprprpsprsprpsrpsprpsrpsprsprpsprsprpsrpsprsp
64,,,prppsrsrppsrsrrpprprrrsssprpsssssrspsppprrrsppssrspsspppspsrpssspsprrrppppsspsrrrrprsrpsrspssrprsrrprrssppsrrsssppsssrsrppsppsppsprprppssppsspsppsprpssrspspsrprsprsrsprsprprrprspsrppprsssprpsrspspspspprprpsrsrprssspsprrrsrsrprrprrssrpsrspps
65,,,ppsrsspsprsssrpsrsssrpssspppsrpprppssrppsrspsppsrpsprrssrrpsprpsrrpssrrssrprssssrssrrsrsspssssrrrpppsprprsrsrrrspsppsrsppprpppppsprppsprrrpssrrpprsssrppspsrprrsrrrrssprpsprrssrssrsrpspprrprsspspsprssrprsssrpssrspppssprrssrsprrrpsprpsppsssrs
66,,,sprprpppppsrsprpprrrrsrpprrrpprpsrssssprrsspppsrppprrsrsprpsssspsrpprpsrsprppsrrppsrrssspspsspsrpsrssprsrssrrrrrssrpsrrpssrsprprpssrppprprrssprpprsrrssppprppprrrrprspsprrprsssprrsrsrsprrprsrsrsrrrpsrpppprsssprssrpssrsrsspsprrrrsspprpprprrrs
67,,,rsssrprpsprssssssppsrpssppssrsrprsssssrprppprrspsppprrsrpspsssrrppspsssrrrpssssrpsspppppppsrspsrsrpsssprprpsssrsppppprprrrrpprssrsrsrspsrpsrrrprsrppsrrrsssprpprrprpsrprrprppsrspsrsrrsrsrrrsrppspssprsrsspsspsrrsrprrpsppssrrprrrrrprpprpppssps
68,,,ssrrrpsrpssprrrssppprrrpsppspsrspprprrrprrrpsrrspprpppprrppsspsspsssrssssrprrsrrrpppprprprrrrsrrppprsrspsprsspspsssssrsssrsrprssrpsssrssrprsssrpspppsprrrsrrsssssrrpsrrprsrprprrrprpsssrspspsrrpsrpsppsrrsssrsrssrsrppprppsppsspsrsprssrsrrspsrp
69,,,psprrssprsprpprpsppssrrprpssrsprpppprprsrrrprsprpppprsrppsrrsprsppsrppsspprpsrrrrrppspsrpprppssrrsppprrprrrrpssssprpprrrrrrppspsrrrssprpprrrrpspsrssrrpsppprrpspssprrprpprrsprsprspprprpprrsssspssrpsppsrppprsrpprspsppsprpsrrprrsprsrrprpsrprrr
70,,,rrpprrrrrrsrrrrrrpsspprrspsssprpppsrsppssppsssprsrsppspsprpspspprprspprprprrrrsrprsprprsssssprrssppspsrsssrsrpsrpssrssrrsssrrrrrrrsssrpsprspsrprprpsrsrprrprrrssssssrpprpprsprrrrrpsrrsrpsrsrprsrsrspprppspprssrpspsrsrrrsrppsrpsspsspsrsrrrrprp
71,,,rprspsrprpsprpsrpsprprspsrpsprrpsrpsprsprpsrpsprpsrpsprsprpsrpsprsprpsrpsrpsprpsrpsprsprpsprpsrpsprsprpsrpsprsprpsrpsprsprpsrpsprsprpsrpsrpsprpsrpsprpsrpsrpsrsrpsprsprsprpsprsprpsrpsprsprpsprsprpsprpsrpsprsprpsprsprpsprsprpsrpsrpsprsprsprps
72,,,psprpspsprpprpspsprpsprpsprspprsprpsprsprpsprsprsprrssrrprprprpspsprpspsprpprpspsprpsprpsprspprsprpsprsprpsprsprsprrssrrprprprpspsprpspsprpprpspsprpsprpsprspprsprpsprsprpsprsprsprrssrrprprprpspsprpspsprpprpspsprpsprpsprspprsprpsprsprpsprspr
73,,,srprprprspspspsprsprpspspsprprpspspsssssssssssssssssssssssssssprprpsprpsprpsssrpprprprprpspssspsprrpsprpsrsrsprppppprsprsrsrpsprpsrpsprpsprpsrpsprpsprpsrppsrpsprpsrpsprpsprpsprpsprsprpsprpsrpsprpsprsprpsprpsrpsprprprpprprprpsppspspsprprpspr
74,,,psspsrsspprspsrsrrssrpsrrsprssrprrpssrsrsrspsrsprpppspsspspprssprsspprssrsppsprsrrrpppsssssssrssprrpppprsrsrrrprssppsrrsspsssrprrrpprpsspprspprprrsprrrrsppsrrpssrrpsspppprsppsprprpspppsrsprrrppspprpprrprpssssppsssrsrssssrsprrppsrppssrrpsprp
75,,,rsprpsrrrsrrpsrrrspppprpprpprrrspsppsppsprpppssprspprsrpsprpspssrrsspspppsrssprppsrpsrsrpsrrssprsprrrsrssprssprrpspprrpsrprrspssrsrrpsprsrsprprrsrpssprppspprspprrsppprpsssrsspssssrrpsrsppsssrrpssssrprspsrppsrpsrsrprpssprssppppspppsrspsrrspp
76,,,rsssrpppsssrprsrrrspsprsppspppssrrsprpppsssrrrspppprrpprrrsspsppppprsppsppssrspsrspsrsprrrsppppssppspprsrspprssprrrrppsprrrrpprprpsppsprpprsssrrrppprspsrsssrprrsrspsspsprrrprrprssrrpprpprrsprsrrpssppssppsprpsrrrsprspssrsrrpsrsrrsssprsssppsr
77,,,srrprsrrrssspppssssspsprpsrpprrrrppsspprppsrspssrpsrrrrprspspssrrrsprrppsssrppprsrprrsssrrpppsppsrrrrpsrpssssrrpprpsrrsrrprpsrppssrrsspprprpssspspssrsspppssrssrrssssspppsprppspppsrrsprrpsrpspprsprrppprsrrrrsrrrsssssrrpsprppppsppprrprsrpsprp
78,,,sssrppspspspprsrrrsrprrrrrssrrssrrrrssrpspsrpsrrsprspprrppsrrrppsssrprrpsprrsppppppprrrrprsrprspsprpsrrprrssrrrsrrrrrsppssrprspprrsrppprpprprrpssrrpsrrpsprppprrpssprprsrsrrppspspssspprrsprprrrsppspssspsrsrpprsssprpprspprrssrprspprprrppprprs
79,,,ssprsrpsprrsppspssppprrrrppsrrrrsrrsrpspsrsrsrrssprpsprpprsrssrrsrprssrprrssprspssprppsppsrprprprpsrsrrppsppsspssssrpsrsrssspssppsppprprpprpsrrrrprsrpsprspspppsrprpppprsrsrrsprrprpssrrssrrppspssssrpssrppsrpssspprpsrpppprsrpppsssrpprrpsprrsp
80,,,rrssssrpsrrssprppprpsprrpsrssrrssspssrpsprrpsppprpprrppprppsprrrrsprrrpsrpppssrrprsspssrsrppprpsrrpssrppsprrsppsrpssprssrrsrrpsssrpppprpprprprrspsrsrpppppprprrprsrpsrsrprsrssprrssrpsprrpsprprprpsprsrrpprrssppppprpprprsrppspsspsrrssspsrrspps
81,,,sprsprsprsprsprsprpsrpsprsprsprsprspprsprprsprsprsprpspsrrpsrpprsprspsprsprsprprspsrpprsrppsprprprspprsprprspspsppppppppppsppspppspspspspspspppssppsspspspspspspspsppspspspspspprprsprprspsrprsprsprsprsprsprsprsprsprsprpsrpsprsprsprsprspprspr
